NUMBER_SENSORS,NUMBER_DETECTIONS,TOTAL_TIME,CARS_PER_SECOND_BY_SENSOR,CARS_PER_SECOND_TOTAL,REAL_CARS_PER_SECOND,REAL_CARS_PER_SECOND_TOTAL,FREQUENCY,TIME_DATA,FREQUENCY_DATA,DETECTIONS_STORED,FROM_DATE,TO_DATE,MINIMUM_TIME,MAXIMUM_TIME
4,0,20.043704999923705,[0;0;0;0],0,1.4804786111111112,0.0418642688271605,8,1800,1,20,1605287661020,1605285861020,50,100
4,35,22.641868000030517,[0.003;0.007;0.005;0.004],0.00475,1.5505058333333337,0.04690250385802468,8,1800,1,40,1605287669020,1605285869020,50,100
4,73,25.917350000381468,[0.009;0.014;0.01;0.007],0.01,1.5567416666666667,0.05738855740740739,8,1800,1,80,1605287677020,1605285877020,50,100
4,110,24.751578001022338,[0.014;0.02;0.016;0.011],0.01525,1.4958802777777778,0.06238720169753092,8,1800,1,100,1605287685020,1605285885020,50,100
4,144,27.734812999725342,[0.019;0.023;0.022;0.016],0.02,1.545842777777779,0.06755113873456794,8,1800,1,120,1605287693020,1605285893020,50,100
4,196,20.938445999145507,[0.026;0.029;0.031;0.023],0.027249999999999996,1.4157800000000003,0.07722882222222223,8,1800,1,160,1605287701020,1605285901020,50,100
4,229,20.2399939994812,[0.031;0.034;0.032;0.031],0.032,1.523921111111111,0.08207174521604932,8,1800,1,180,1605287709020,1605285909020,50,100
4,278,23.67107900047302,[0.037;0.041;0.038;0.039],0.03875,1.5526308333333325,0.087364475462963,8,1800,1,200,1605287717020,1605285917020,50,100
4,313,24.322648000717162,[0.042;0.047;0.044;0.04],0.043250000000000004,1.6486274999999995,0.09802606219135804,8,1800,1,241,1605287725020,1605285925020,50,100
4,347,23.55468099975586,[0.047;0.053;0.049;0.044],0.04825,1.6399863888888893,0.1034219925925926,8,1800,1,261,1605287733020,1605285933020,50,100
4,391,24.9137560005188,[0.053;0.061;0.057;0.047],0.05449999999999999,1.6388988888888891,0.10900044104938271,8,1800,1,281,1605287741020,1605285941020,50,100
4,431,24.486401000976564,[0.057;0.066;0.062;0.056],0.06025,1.6624402777777783,0.11973073487654318,8,1800,1,321,1605287749020,1605285949020,50,100
4,481,26.823331998825072,[0.067;0.071;0.068;0.061],0.06675,1.6064680555555564,0.1251967817901235,8,1800,1,341,1605287757020,1605285957020,50,100
4,517,29.944035999298094,[0.071;0.074;0.076;0.066],0.07175,1.6002138888888893,0.1303646921296296,8,1800,1,361,1605287765020,1605285965020,50,100
4,571,31.252073999404907,[0.078;0.083;0.079;0.077],0.07925,1.554666111111111,0.14069843780864194,8,1800,1,401,1605287773020,1605285973020,50,100
4,617,24.480033000946044,[0.082;0.093;0.083;0.085],0.08575,1.618464444444444,0.14593465895061727,8,1800,1,421,1605287781020,1605285981020,50,100
4,656,27.576312999725342,[0.089;0.097;0.088;0.091],0.09125,1.5873422222222222,0.15130801867283955,8,1800,1,441,1605287789020,1605285989020,50,100
4,700,32.543875,[0.096;0.102;0.097;0.094],0.09725,1.5530711111111102,0.16181007222222216,8,1800,1,481,1605287797020,1605285997020,50,100
4,740,28.573317001342772,[0.102;0.108;0.103;0.098],0.10275000000000001,1.5232805555555557,0.16697001450617285,8,1800,1,501,1605287805020,1605286005020,50,100
4,779,38.42697999954223,[0.106;0.112;0.111;0.104],0.10825,1.4496383333333345,0.1719706816358026,8,1800,1,521,1605287813020,1605286013020,50,100
4,824,32.46829799842835,[0.112;0.121;0.115;0.111],0.11474999999999999,1.4868677777777786,0.1815343132716049,8,1800,1,563,1605287821020,1605286021020,50,100
4,871,26.738892000198366,[0.119;0.125;0.12;0.119],0.12075,1.4969799999999995,0.18645108163580246,8,1800,1,583,1605287829020,1605286029020,50,100
4,906,30.035278999328614,[0.126;0.128;0.126;0.123],0.12575,1.5060266666666662,0.19162109783950623,8,1800,1,603,1605287837020,1605286037020,50,100
4,951,31.12313399887085,[0.134;0.135;0.133;0.127],0.13225,1.5128499999999996,0.20168010200617273,8,1800,1,643,1605287845020,1605286045020,50,100
4,984,31.302059999465943,[0.137;0.141;0.138;0.131],0.13675,1.5903922222222227,0.20710745725308655,8,1800,1,663,1605287853020,1605286053020,50,100
4,1032,31.834392999649047,[0.144;0.148;0.142;0.139],0.14325,1.5791616666666657,0.21297684459876554,8,1800,1,684,1605287861020,1605286061020,50,100
4,1064,27.888041999816895,[0.149;0.151;0.147;0.143],0.1475,1.6275577777777768,0.22371895478395043,8,1800,1,724,1605287869020,1605286069020,50,100
4,1109,29.719287000656127,[0.155;0.158;0.156;0.148],0.15425,1.5764599999999995,0.22903719166666672,8,1800,1,744,1605287877020,1605286077020,50,100
4,1141,30.71881299972534,[0.159;0.162;0.161;0.151],0.15825,1.6214455555555558,0.23425769351851855,8,1800,1,764,1605287885020,1605286085020,50,100
4,1181,33.56727499961853,[0.164;0.168;0.167;0.157],0.164,1.5964008333333328,0.23972506574074082,8,1800,1,784,1605287893020,1605286093020,50,100
4,1226,30.965222999572752,[0.173;0.171;0.172;0.164],0.17,1.6075886111111104,0.24988401836419766,8,1800,1,827,1605287901020,1605286101020,50,100
4,1273,37.12159700012207,[0.178;0.179;0.18;0.171],0.177,1.5880233333333327,0.2555344484567902,8,1800,1,847,1605287909020,1605286109020,50,100
4,1307,34.1890090007782,[0.183;0.185;0.183;0.175],0.1815,1.5678633333333334,0.26149238117283935,8,1800,1,868,1605287917020,1605286117020,50,100
4,1351,34.35836300086975,[0.191;0.192;0.187;0.182],0.188,1.619228888888889,0.2720874524691361,8,1800,1,908,1605287925020,1605286125020,50,100
4,1389,51.27751099967956,[0.194;0.196;0.194;0.188],0.193,1.6030422222222225,0.27750008055555553,8,1800,1,928,1605287933020,1605286133020,50,100
4,1434,39.88259099960327,[0.201;0.201;0.203;0.192],0.19924999999999998,1.600291388888889,0.2828079250000002,8,1800,1,949,1605287941020,1605286141020,50,100
4,1472,35.88546699905395,[0.208;0.207;0.206;0.197],0.20450000000000002,1.5757422222222224,0.2936287464506171,8,1800,1,989,1605287949020,1605286149020,50,100
4,1523,34.960697000503544,[0.215;0.214;0.214;0.203],0.21150000000000002,1.5766361111111105,0.29879066990740755,8,1800,1,1009,1605287957020,1605286157020,50,100
4,1563,35.23014399909973,[0.219;0.222;0.217;0.21],0.217,1.6480011111111121,0.30419231188271606,8,1800,1,1029,1605287965020,1605286165020,50,100
4,1603,39.60699600028992,[0.226;0.225;0.224;0.216],0.22275,1.58096861111111,0.31505353996913565,8,1800,1,1069,1605287973020,1605286173020,50,100
4,1644,45.7776310005188,[0.231;0.229;0.234;0.219],0.22825,1.5331816666666664,0.3202801929012345,8,1800,1,1089,1605287981020,1605286181020,50,100
4,1696,37.90835099983215,[0.236;0.238;0.242;0.227],0.23575,1.440986111111111,0.3252624569444446,8,1800,1,1109,1605287989020,1605286189020,50,100
4,1726,42.04234199905395,[0.242;0.241;0.242;0.234],0.23975,1.5137155555555546,0.3350165444444443,8,1800,1,1149,1605287997020,1605286197020,50,100
4,1770,38.26147400093079,[0.247;0.248;0.249;0.239],0.24575,1.5192108333333332,0.3401144780864197,8,1800,1,1169,1605288005020,1605286205020,50,100
4,1807,35.71534700012207,[0.253;0.253;0.253;0.244],0.25075000000000003,1.5430258333333333,0.3460445466049382,8,1800,1,1192,1605288013020,1605286213020,50,100
4,1845,44.55324600028992,[0.259;0.258;0.259;0.249],0.25625,1.5138044444444438,0.3516958320987655,8,1800,1,1216,1605288021020,1605286221020,50,100
4,1882,40.763838998794554,[0.264;0.262;0.264;0.255],0.26125,1.5870111111111107,0.36212707145061734,8,1800,1,1256,1605288029020,1605286229020,50,100
4,1931,40.87567000007629,[0.272;0.268;0.271;0.262],0.26825,1.5795688888888884,0.36737028009259276,8,1800,1,1276,1605288037020,1605286237020,50,100
4,1964,39.568093000411984,[0.277;0.272;0.276;0.267],0.273,1.624212499999999,0.3726962092592593,8,1800,1,1296,1605288045020,1605286245020,50,100
4,2016,42.54569199943543,[0.283;0.282;0.282;0.273],0.28,1.6491111111111119,0.3837191734567906,8,1800,1,1336,1605288053020,1605286253020,50,100
4,2049,40.939678998947144,[0.289;0.286;0.287;0.277],0.28474999999999995,1.6746738888888897,0.38928731080246903,8,1800,1,1356,1605288061020,1605286261020,50,100
4,2101,43.95564200019837,[0.296;0.294;0.293;0.284],0.29175,1.637302777777777,0.3947278458333335,8,1800,1,1376,1605288069020,1605286269020,50,100
4,2138,41.921888999938965,[0.301;0.299;0.298;0.289],0.29674999999999996,1.6123597222222226,0.40538139876543205,8,1800,1,1416,1605288077020,1605286277020,50,100
4,2187,45.53797900009155,[0.307;0.305;0.306;0.297],0.30374999999999996,1.5453447222222227,0.41060624907407406,8,1800,1,1436,1605288085020,1605286285020,50,100
4,2239,42.25271199989319,[0.314;0.313;0.312;0.305],0.311,1.529299444444445,0.41574575709876554,8,1800,1,1456,1605288093020,1605286293020,50,100
4,2273,48.40183699989319,[0.319;0.317;0.316;0.311],0.31575,1.5560597222222223,0.42598672854938296,8,1800,1,1496,1605288101020,1605286301020,50,100
4,2324,44.175899000167846,[0.326;0.323;0.322;0.321],0.323,1.5322372222222227,0.431130151234568,8,1800,1,1516,1605288109020,1605286309020,50,100
4,2370,45.902909000396726,[0.333;0.33;0.328;0.325],0.329,1.5650652777777783,0.43628347608024665,8,1800,1,1536,1605288117020,1605286317020,50,100
4,2408,51.70230800056458,[0.339;0.335;0.334;0.329],0.33425,1.6050888888888886,0.4469060348765431,8,1800,1,1576,1605288125020,1605286325020,50,100
4,2438,45.54870499992371,[0.343;0.339;0.338;0.334],0.3385,1.585000555555556,0.4521338816358024,8,1800,1,1596,1605288133020,1605286333020,50,100
4,2489,49.23664999961853,[0.351;0.347;0.343;0.342],0.34575,1.5911033333333342,0.4574489000000001,8,1800,1,1616,1605288141020,1605286341020,50,100
4,2527,51.451767000198366,[0.356;0.352;0.349;0.347],0.351,1.6217855555555563,0.4680830063271601,8,1800,1,1656,1605288149020,1605286349020,50,100
4,2572,48.01053800010681,[0.36;0.359;0.357;0.353],0.35725,1.5677333333333334,0.4732214098765434,8,1800,1,1676,1605288157020,1605286357020,50,100
4,2622,46.94592500114441,[0.368;0.366;0.363;0.359],0.364,1.5408277777777775,0.47849915385802466,8,1800,1,1696,1605288165020,1605286365020,50,100
4,2660,49.54989400100708,[0.374;0.37;0.369;0.365],0.3695,1.477283333333332,0.4884867717592589,8,1800,1,1736,1605288173020,1605286373020,50,100
4,2701,49.95450400161743,[0.379;0.376;0.374;0.372],0.37525,1.7950899999999983,0.4940815191358025,8,1800,1,1757,1605288181020,1605286381020,50,100
4,2744,52.41156900024414,[0.385;0.383;0.379;0.378],0.38125,2.0470213888888877,0.5004656828703703,8,1800,1,1777,1605288189020,1605286389020,50,100
4,2780,58.35534700012207,[0.391;0.39;0.383;0.381],0.38625000000000004,2.6419261111111103,0.5163150101851851,8,1800,1,1817,1605288197020,1605286397020,50,100
4,2821,49.8977560005188,[0.399;0.392;0.389;0.387],0.39175000000000004,2.842654722222221,0.5251073356481482,8,1800,1,1839,1605288205020,1605286405020,50,100
4,2874,51.19922999954223,[0.41;0.398;0.397;0.392],0.39925,3.145984722222221,0.535447057561728,8,1800,1,1859,1605288213020,1605286413020,50,100
4,2932,51.571534999847415,[0.427;0.404;0.401;0.397],0.40725,3.4379374999999994,0.548581134567901,8,1800,1,1880,1605288221020,1605286421020,50,100
4,3005,53.31944700050354,[0.446;0.417;0.405;0.402],0.4175,4.038160277777777,0.5748469211419759,8,1800,1,1924,1605288229020,1605286429020,50,100
4,3085,53.04427799987793,[0.462;0.433;0.412;0.408],0.42874999999999996,4.263223888888886,0.5890867367283958,8,1800,1,1944,1605288237020,1605286437020,50,100
4,3182,52.29609000015259,[0.481;0.448;0.426;0.413],0.442,4.32123611111111,0.6034200592592587,8,1800,1,1965,1605288245020,1605286445020,50,100
4,3268,58.31027499961853,[0.496;0.462;0.437;0.421],0.454,4.4157761111111125,0.6195055353395065,8,1800,1,1988,1605288253020,1605286453020,50,100
4,3392,52.98919299888611,[0.514;0.481;0.455;0.435],0.47125,4.605202222222221,0.649570629938272,8,1800,1,2028,1605288261020,1605286461020,50,100
4,3496,55.78218700027466,[0.529;0.496;0.469;0.449],0.48574999999999996,4.583125277777779,0.665111848302469,8,1800,1,2048,1605288269020,1605286469020,50,100
4,3596,54.71433600044251,[0.542;0.516;0.481;0.459],0.49950000000000006,4.640995000000004,0.6812628057098776,8,1800,1,2069,1605288277020,1605286477020,50,100
4,3723,57.95519700050354,[0.562;0.537;0.496;0.473],0.517,4.787893055555554,0.7142772041666668,8,1800,1,2112,1605288285020,1605286485020,50,100
4,3852,54.77986400032044,[0.582;0.553;0.517;0.488],0.535,4.708760000000003,0.7300863688271614,8,1800,1,2133,1605288293020,1605286493020,50,100
4,3976,59.123052000045774,[0.598;0.572;0.538;0.5],0.552,4.608681944444446,0.7456970072530872,8,1800,1,2153,1605288301020,1605286501020,50,100
4,4090,54.585408000946046,[0.612;0.587;0.556;0.518],0.5682499999999999,4.5581597222222205,0.7610526146604942,8,1800,1,2173,1605288309020,1605286509020,50,100
4,4232,61.78369400024414,[0.632;0.604;0.576;0.539],0.58775,4.5961947222222275,0.793713565895061,8,1800,1,2216,1605288317020,1605286517020,50,100
4,4360,56.11942899894714,[0.654;0.616;0.591;0.562],0.60575,4.70889277777778,0.8093117242283959,8,1800,1,2236,1605288325020,1605286525020,50,100
4,4481,59.25794300079346,[0.671;0.634;0.608;0.577],0.6225,4.718227499999999,0.8247689888888902,8,1800,1,2256,1605288333020,1605286533020,50,100
4,4584,63.08318699836731,[0.684;0.648;0.623;0.592],0.63675,4.822735000000001,0.8566299924382721,8,1800,1,2297,1605288341020,1605286541020,50,100
4,4712,58.88472999954224,[0.701;0.671;0.636;0.611],0.6547499999999999,4.827618055555554,0.8755375648148147,8,1800,1,2320,1605288349020,1605286549020,50,100
4,4847,59.13299500083923,[0.722;0.69;0.657;0.624],0.67325,4.743383888888891,0.8940734401234571,8,1800,1,2344,1605288357020,1605286557020,50,100
4,4968,68.6864939994812,[0.742;0.707;0.669;0.642],0.69,4.800498333333333,0.912559418209875,8,1800,1,2368,1605288365020,1605286565020,50,100
4,5085,62.06231999969482,[0.756;0.721;0.688;0.66],0.70625,4.876838333333332,0.9303573830246914,8,1800,1,2392,1605288373020,1605286573020,50,100
4,5216,67.96756800079346,[0.777;0.737;0.708;0.675],0.7242500000000001,4.718688888888892,0.9621433913580241,8,1800,1,2432,1605288381020,1605286581020,50,100
4,5343,68.54540900039673,[0.793;0.759;0.726;0.691],0.74225,4.66596638888889,0.9775659763888899,8,1800,1,2452,1605288389020,1605286589020,50,100
4,5471,64.37837599945068,[0.808;0.779;0.741;0.711],0.75975,4.759880555555553,0.9935173521604922,8,1800,1,2472,1605288397020,1605286597020,50,100
4,5601,61.962643001556394,[0.824;0.797;0.762;0.728],0.7777499999999999,4.6703100000000015,1.0249226322530864,8,1800,1,2512,1605288405020,1605286605020,50,100
4,5736,62.180420000076296,[0.846;0.812;0.784;0.745],0.7967500000000001,4.780448333333335,1.0408480552469135,8,1800,1,2533,1605288413020,1605286613020,50,100
4,5863,60.22181900024414,[0.862;0.831;0.799;0.765],0.81425,4.652795555555556,1.0594330314814815,8,1800,1,2556,1605288421020,1605286621020,50,100
4,5979,70.95882400131225,[0.881;0.846;0.817;0.777],0.8302499999999999,4.646698055555559,1.076726367438272,8,1800,1,2580,1605288429020,1605286629020,50,100
4,6117,67.55428600120544,[0.903;0.858;0.838;0.799],0.8495,4.601829722222222,1.107952373765432,8,1800,1,2622,1605288437020,1605286637020,50,100
4,6241,63.205343000411986,[0.736;0.704;0.681;0.653],0.6935,4.6362252777777755,0.9002679692592609,8,2250,1,2644,1605288445020,1605286195020,50,100
4,6387,65.39136500167847,[0.749;0.725;0.694;0.671],0.7097500000000001,4.848801666666666,0.9133119071604936,8,2250,1,2664,1605288453020,1605286203020,50,100
4,6493,73.97195700073242,[0.762;0.736;0.706;0.682],0.7214999999999999,4.943869166666669,0.9263641288888892,8,2250,1,2686,1605288461020,1605286211020,50,100
4,6613,66.43655299949646,[0.777;0.746;0.727;0.69],0.735,4.644961111111106,0.9542484506172828,8,2250,1,2728,1605288469020,1605286219020,50,100
4,6750,69.60355799865722,[0.791;0.76;0.744;0.706],0.75025,4.64053861111111,0.9680406508641978,8,2250,1,2752,1605288477020,1605286227020,50,100
4,6883,70.94391600036622,[0.807;0.773;0.752;0.727],0.7647499999999999,4.740036388888887,0.9809615144444456,8,2250,1,2772,1605288485020,1605286235020,50,100
4,7020,69.68990200042725,[0.821;0.792;0.764;0.743],0.7799999999999999,4.704442222222224,0.9955437725925944,8,2250,1,2796,1605288493020,1605286243020,50,100
4,7132,78.59949300003052,[0.833;0.802;0.778;0.756],0.7922500000000001,4.735855833333333,1.009810959259261,8,2250,1,2820,1605288501020,1605286251020,50,100
4,7266,68.89594400024414,[0.847;0.819;0.793;0.77],0.80725,4.689225277777781,1.0353244102469146,8,2250,1,2861,1605288509020,1605286259020,50,100
4,7390,68.26464599990845,[0.859;0.836;0.808;0.781],0.8210000000000001,4.753261388888893,1.0497346044444449,8,2250,1,2884,1605288517020,1605286267020,50,100
4,7535,68.77440500068664,[0.874;0.849;0.826;0.8],0.83725,4.751718888888889,1.062584680617284,8,2250,1,2905,1605288525020,1605286275020,50,100
4,7645,75.59499300003051,[0.888;0.859;0.84;0.811],0.8494999999999999,4.672965833333332,1.0769664608641984,8,2250,1,2928,1605288533020,1605286283020,50,100
4,7775,73.92407699966431,[0.905;0.871;0.852;0.827],0.86375,4.770610555555552,1.1023562716049382,8,2250,1,2969,1605288541020,1605286291020,50,100
4,7913,81.27457600021363,[0.918;0.892;0.865;0.842],0.87925,4.7984722222222205,1.1169386390123444,8,2250,1,2992,1605288549020,1605286299020,50,100
4,8041,74.19349499893188,[0.935;0.91;0.877;0.852],0.8935000000000001,4.813942499999998,1.1321963570370388,8,2250,1,3016,1605288557020,1605286307020,50,100
4,8155,70.8881760005951,[0.946;0.922;0.893;0.863],0.906,4.810833055555559,1.146701340370371,8,2250,1,3040,1605288565020,1605286315020,50,100
4,8293,69.63773799896241,[0.96;0.939;0.91;0.876],0.92125,4.610776944444449,1.1721445819753085,8,2250,1,3081,1605288573020,1605286323020,50,100
4,8426,75.5008239994049,[0.972;0.952;0.926;0.895],0.93625,4.555125555555555,1.185817973209878,8,2250,1,3104,1605288581020,1605286331020,50,100
4,8571,82.40238000106811,[0.989;0.967;0.943;0.91],0.95225,4.641085555555557,1.1985658893827165,8,2250,1,3125,1605288589020,1605286339020,50,100
4,8685,74.61839599990844,[1.003;0.977;0.955;0.925],0.9650000000000001,4.614468333333332,1.2124661543209874,8,2250,1,3148,1605288597020,1605286347020,50,100
4,8806,74.66052700042725,[1.02;0.99;0.968;0.937],0.97875,4.634869722222218,1.2390375464197543,8,2250,1,3192,1605288605020,1605286355020,50,100
4,8947,90.09552000045777,[1.035;1.011;0.981;0.95],0.9942499999999999,4.731885555555556,1.2520613448148148,8,2250,1,3213,1605288613020,1605286363020,50,100
4,9079,93.31730900001526,[1.051;1.024;0.996;0.964],1.00875,4.8760150000000015,1.266832702716048,8,2250,1,3236,1605288621020,1605286371020,50,100
4,9208,73.75800500106811,[1.065;1.039;1.013;0.976],1.02325,4.697857777777776,1.2811301424691355,8,2250,1,3260,1605288629020,1605286379020,50,100
4,9308,80.54106900024414,[1.075;1.05;1.026;0.985],1.034,4.66953611111111,1.293754854691357,8,2250,1,3280,1605288637020,1605286387020,50,100
4,9467,79.31250399971009,[1.093;1.067;1.042;1.006],1.052,4.647211944444441,1.3190626311111109,8,2250,1,3322,1605288645020,1605286395020,50,100
4,9590,79.46919099998475,[1.108;1.08;1.055;1.019],1.0655000000000001,4.610646111111105,1.333151433086419,8,2250,1,3344,1605288653020,1605286403020,50,100
4,9717,79.27240999984741,[1.121;1.095;1.068;1.036],1.08,4.633925833333332,1.348092265679013,8,2250,1,3368,1605288661020,1605286411020,50,100
4,9822,76.40751199913025,[1.133;1.107;1.078;1.047],1.09125,4.693111388888885,1.3619152725925943,8,2250,1,3392,1605288669020,1605286419020,50,100
4,9955,80.81857800102235,[1.147;1.123;1.096;1.059],1.10625,4.6862991666666645,1.3749536124691355,8,2250,1,3413,1605288677020,1605286427020,50,100
4,10082,80.49334499931335,[1.161;1.136;1.112;1.072],1.12025,4.603026111111109,1.4012859735802468,8,2250,1,3456,1605288685020,1605286435020,50,100
4,10217,91.70465299987794,[1.179;1.15;1.126;1.086],1.1352499999999999,4.635319166666664,1.4152670769135778,8,2250,1,3480,1605288693020,1605286443020,50,100
4,10330,83.38276399993896,[1.189;1.16;1.138;1.103],1.1475,4.66117666666667,1.4279550230864202,8,2250,1,3501,1605288701020,1605286451020,50,100
4,10442,81.47895699882507,[1.201;1.173;1.152;1.114],1.16,4.631798333333333,1.4419792918518501,8,2250,1,3524,1605288709020,1605286459020,50,100
4,10576,85.93606600189209,[1.215;1.188;1.167;1.13],1.175,4.646033888888885,1.466880395061728,8,2250,1,3565,1605288717020,1605286467020,50,100
4,10699,82.21021099853516,[1.228;1.206;1.177;1.144],1.18875,4.7462583333333335,1.4810369133333334,8,2250,1,3588,1605288725020,1605286475020,50,100
4,10842,82.61366099929809,[1.247;1.218;1.194;1.16],1.20475,4.754558055555559,1.4939288083950617,8,2250,1,3608,1605288733020,1605286483020,50,100
4,10947,84.77092499923707,[1.258;1.229;1.209;1.169],1.21625,4.741471388888886,1.5068024938271607,8,2250,1,3630,1605288741020,1605286491020,50,100
4,11075,87.1581159992218,[1.272;1.243;1.226;1.182],1.23075,4.732717222222223,1.5338707677777768,8,2250,1,3672,1605288749020,1605286499020,50,100
4,11217,93.38461000061035,[1.288;1.263;1.235;1.2],1.2465000000000002,4.887546944444442,1.5490833028395072,8,2250,1,3696,1605288757020,1605286507020,50,100
4,11348,85.04835199928284,[1.303;1.276;1.252;1.213],1.261,4.822906666666659,1.563411926790125,8,2250,1,3720,1605288765020,1605286515020,50,100
4,11485,86.26187899971008,[1.319;1.292;1.268;1.226],1.2762499999999999,4.835395833333336,1.576646154444446,8,2250,1,3741,1605288773020,1605286523020,50,100
4,11604,96.98445800018311,[1.332;1.303;1.283;1.24],1.2894999999999999,4.69710277777778,1.5913278082716038,8,2250,1,3764,1605288781020,1605286531020,50,100
4,11739,84.73406500053406,[1.344;1.319;1.3;1.255],1.3045,4.079808055555556,1.6161388133333354,8,2250,1,3808,1605288789020,1605286539020,50,100
4,11866,88.18514999961853,[1.358;1.333;1.312;1.271],1.3185,3.7613544444444424,1.6268936313580256,8,2250,1,3829,1605288797020,1605286547020,50,100
4,12000,85.37561199951172,[1.372;1.346;1.329;1.286],1.33325,3.427005555555554,1.6373969160493818,8,2250,1,3852,1605288805020,1605286555020,50,100
4,12102,95.95429199981689,[1.38;1.357;1.339;1.303],1.3447500000000001,3.176694444444443,1.6476524611111103,8,2250,1,3876,1605288813020,1605286563020,50,100
4,12222,92.61489399909973,[1.385;1.373;1.357;1.317],1.358,2.9607116666666666,1.6570419612345666,8,2250,1,3900,1605288821020,1605286571020,50,100
4,12310,85.6842110004425,[1.391;1.383;1.368;1.329],1.36775,2.4107777777777777,1.672241194320988,8,2250,1,3944,1605288829020,1605286579020,50,100
4,12407,90.43765200042725,[1.396;1.392;1.384;1.342],1.3784999999999998,2.106666666666669,1.6782456446913587,8,2250,1,3965,1605288837020,1605286587020,50,100
4,12487,90.50396700096131,[1.401;1.396;1.393;1.36],1.3875,1.9286672222222236,1.6842739656790124,8,2250,1,3988,1605288845020,1605286595020,50,100
4,12562,91.65453499984741,[1.406;1.4;1.403;1.374],1.39575,1.8637394444444455,1.6901595754320988,8,2250,1,4012,1605288853020,1605286603020,50,100
4,12626,95.16392899894714,[1.41;1.406;1.412;1.383],1.40275,1.7041855555555547,1.6994161380246906,8,2250,1,4053,1605288861020,1605286611020,50,100
4,12684,89.58312800025939,[1.887;1.882;1.889;1.859],1.87925,1.6402194444444447,2.2725904740740743,8,1687.5,1,4076,1605288869020,1605287181520,50,100
4,12733,92.96122999954224,[1.891;1.89;1.896;1.868],1.88625,1.568687222222222,2.279242616460905,8,1687.5,1,4100,1605288877020,1605287189520,50,100
4,12791,101.16122900009155,[1.9;1.895;1.905;1.88],1.895,1.5803,2.2856220798353912,8,1687.5,1,4124,1605288885020,1605287197520,50,100
4,12828,94.28987899971008,[1.906;1.899;1.911;1.886],1.9004999999999999,1.5490275000000004,2.2914728556378594,8,1687.5,1,4145,1605288893020,1605287205520,50,100
4,12864,94.63692799949646,[1.912;1.905;1.916;1.89],1.90575,1.5404286111111105,2.302917398024692,8,1687.5,1,4189,1605288901020,1605287213520,50,100
4,12907,100.47089299964905,[2.558;2.549;2.56;2.535],2.5505,1.5009725000000007,3.0378310309776277,8,1265.25,1,4212,1605288909020,1605287643770,50,100
4,12955,103.84373500061035,[2.566;2.56;2.571;2.542],2.5597499999999997,1.4688316666666672,3.038387280511098,8,1265.25,1,4233,1605288917020,1605287651770,50,100
4,12990,92.71680900001526,[2.573;2.567;2.577;2.55],2.56675,1.510683333333333,3.037974613712705,8,1265.25,1,4256,1605288925020,1605287659770,50,100
4,12993,94.24944400024414,[2.577;2.565;2.576;2.552],2.5675,1.529035555555556,3.038518237063382,8,1265.25,1,4276,1605288933020,1605287667770,50,100
4,13003,91.09388899993897,[2.581;2.561;2.58;2.555],2.56925,1.5437736111111113,3.0387323967595337,8,1265.25,1,4276,1605288941020,1605287675770,50,100
4,11361,77.66319999885559,[3.003;2.984;3.007;2.981],2.99375,1.5691744444444438,3.533069828722003,8,948.75,1,3221,1605288949020,1605288000270,50,100
4,11373,73.27896999931336,[3.008;2.992;3.003;2.984],2.99675,1.613,3.533069828722003,8,948.75,1,3223,1605288957020,1605288008270,50,100
4,11372,82.45793700027465,[3.007;2.993;3.002;2.984],2.9964999999999997,1.5885980555555548,3.533069828722003,8,948.75,1,3221,1605288965020,1605288016270,50,100
4,11363,81.09143199920655,[3.008;2.996;2.994;2.979],2.99425,1.6119388888888877,3.533069828722003,8,948.75,1,3223,1605288973020,1605288024270,50,100
4,11372,77.9916549987793,[3.001;2.999;3.004;2.983],2.99675,1.6003033333333325,3.533069828722003,8,948.75,1,3221,1605288981020,1605288032270,50,100
4,11374,87.81927799987793,[2.998;3.005;3.006;2.98],2.99725,1.5722969444444446,3.533069828722003,8,948.75,1,3221,1605288989020,1605288040270,50,100
4,11369,74.60512899971009,[3;2.997;3.008;2.979],2.9959999999999996,1.530314444444444,3.533069828722003,8,948.75,1,3222,1605288997020,1605288048270,50,100
4,11369,73.88914599990845,[2.992;2.992;3.016;2.983],2.99575,1.459321666666665,3.533069828722003,8,948.75,1,3224,1605289005020,1605288056270,50,100
4,11382,73.93683199882507,[2.997;2.997;3.012;2.991],2.99925,1.5333130555555554,3.5341238471673253,8,948.75,1,3224,1605289013020,1605288064270,50,100
4,11373,72.92864700126648,[2.996;2.986;3.017;2.989],2.997,1.507451388888889,3.533069828722003,8,948.75,1,3225,1605289021020,1605288072270,50,100
4,11364,80.03687400054932,[2.994;2.989;3.011;2.983],2.99425,1.5765363888888881,3.533069828722003,8,948.75,1,3225,1605289029020,1605288080270,50,100
4,11353,74.68124300003052,[2.997;2.992;3.004;2.973],2.9915000000000003,1.6983377777777777,3.533069828722003,8,948.75,1,3225,1605289037020,1605288088270,50,100
4,11350,85.40834499931336,[2.997;2.987;3.008;2.971],2.9907500000000002,1.6998108333333335,3.533069828722003,8,948.75,1,3225,1605289045020,1605288096270,50,100
4,11347,78.10723900032043,[2.997;2.985;3.017;2.962],2.9902499999999996,1.6931230555555556,3.533069828722003,8,948.75,1,3225,1605289053020,1605288104270,50,100
4,11352,78.25432500076293,[2.999;2.991;3.013;2.962],2.99125,1.6542544444444436,3.533069828722003,8,948.75,1,3224,1605289061020,1605288112270,50,100
4,11329,80.8320269985199,[2.989;2.979;3.013;2.96],2.9852499999999997,1.5972419444444432,3.533069828722003,8,948.75,1,3225,1605289069020,1605288120270,50,100
4,11348,74.30249800109863,[2.993;2.988;3.014;2.965],2.9899999999999998,1.6360733333333335,3.533069828722003,8,948.75,1,3225,1605289077020,1605288128270,50,100
4,11363,75.79399800109863,[2.994;2.987;3.022;2.973],2.9939999999999998,1.594229166666667,3.533069828722003,8,948.75,1,3225,1605289085020,1605288136270,50,100
4,11356,81.22406099891663,[2.994;2.989;3.022;2.964],2.9922500000000003,1.5259941666666672,3.533069828722003,8,948.75,1,3228,1605289093020,1605288144270,50,100
4,11345,74.86111900138854,[2.99;2.982;3.017;2.969],2.9895,1.5475297222222222,3.533069828722003,8,948.75,1,3228,1605289101020,1605288152270,50,100
4,11357,82.0894939994812,[2.993;2.981;3.02;2.977],2.99275,1.5625319444444445,3.533069828722003,8,948.75,1,3229,1605289109020,1605288160270,50,100
4,11353,80.25037300109864,[2.996;2.983;3.013;2.974],2.9915000000000003,1.5933416666666662,3.533069828722003,8,948.75,1,3229,1605289117020,1605288168270,50,100
4,11360,76.35609099960327,[2.992;2.985;3.021;2.975],2.99325,1.6041133333333342,3.533069828722003,8,948.75,1,3229,1605289125020,1605288176270,50,100
4,11360,80.25088299942017,[2.994;2.985;3.02;2.974],2.99325,1.5245861111111119,3.5119894598155468,8,948.75,1,3229,1605289133020,1605288184270,50,100
4,11356,74.44772099876404,[2.992;2.982;3.02;2.975],2.99225,1.6058250000000007,3.468774703557312,8,948.75,1,3229,1605289141020,1605288192270,50,100
4,11366,78.57392399978637,[2.991;2.988;3.021;2.98],2.995,1.6122380555555553,3.447694334650856,8,948.75,1,3228,1605289149020,1605288200270,50,100
4,11362,84.39123699951172,[2.987;3;3.012;2.977],2.994,1.6422597222222226,3.4255599472990776,8,948.75,1,3229,1605289157020,1605288208270,50,100
4,11348,77.66215500068664,[2.973;2.991;3.021;2.975],2.9899999999999998,1.5729811111111116,3.4055335968379445,8,948.75,1,3228,1605289165020,1605288216270,50,100
4,11321,85.38083500099182,[2.949;2.987;3.025;2.971],2.983,1.4805611111111108,3.3654808959156783,8,948.75,1,3229,1605289173020,1605288224270,50,100
4,11291,72.67085499954224,[2.931;2.97;3.024;2.975],2.975,1.508544444444444,3.3433465085639,8,948.75,1,3229,1605289181020,1605288232270,50,100
4,11269,79.07078000068664,[2.916;2.958;3.021;2.983],2.9695,1.537087222222221,3.322266139657444,8,948.75,1,3228,1605289189020,1605288240270,50,100
4,11196,79.16829599952698,[2.887;2.93;3.003;2.981],2.95025,1.5436463888888885,3.301185770750988,8,948.75,1,3229,1605289197020,1605288248270,50,100
4,11140,79.00333100128174,[2.864;2.918;2.987;2.973],2.9355,1.5630133333333323,3.261133069828722,8,948.75,1,3229,1605289205020,1605288256270,50,100
4,11066,77.18943099975586,[2.837;2.901;2.969;2.957],2.9159999999999995,1.5674280555555546,3.2379446640316205,8,948.75,1,3229,1605289213020,1605288264270,50,100
4,11016,79.95638600158692,[2.827;2.882;2.962;2.941],2.9029999999999996,1.5294655555555552,3.2168642951251645,8,948.75,1,3229,1605289221020,1605288272270,50,100
4,10925,76.65409400177002,[2.801;2.847;2.944;2.924],2.8789999999999996,1.5647216666666672,3.194729907773386,8,948.75,1,3229,1605289229020,1605288280270,50,100
4,10832,74.70511800003052,[2.771;2.812;2.926;2.908],2.85425,1.5483572222222228,3.1515151515151514,8,948.75,1,3229,1605289237020,1605288288270,50,100
4,10763,77.88970600128174,[2.758;2.802;2.886;2.899],2.8362500000000006,1.5933344444444444,3.1314888010540183,8,948.75,1,3229,1605289245020,1605288296270,50,100
4,10698,76.69694799995422,[2.736;2.784;2.868;2.888],2.819,1.5874766666666655,3.1093544137022397,8,948.75,1,3232,1605289253020,1605288304270,50,100
4,10596,81.62273999977111,[2.714;2.763;2.843;2.849],2.79225,1.584987499999999,3.0882740447957837,8,948.75,1,3232,1605289261020,1605288312270,50,100
4,10496,77.87803499984742,[2.69;2.737;2.816;2.819],2.7654999999999994,1.6256816666666665,3.046113306982872,8,948.75,1,3232,1605289269020,1605288320270,50,100
4,10435,71.62305299949647,[2.668;2.732;2.803;2.796],2.7497499999999997,1.6644405555555561,3.0239789196310936,8,948.75,1,3233,1605289277020,1605288328270,50,100
4,10348,87.03152100181579,[2.638;2.703;2.786;2.781],2.727,1.6417547222222233,3.0028985507246375,8,948.75,1,3232,1605289285020,1605288336270,50,100
4,10263,73.11864599990845,[2.623;2.668;2.773;2.753],2.70425,1.5278847222222223,2.980764163372859,8,948.75,1,3233,1605289293020,1605288344270,50,100
4,10160,79.61399199867249,[2.589;2.642;2.744;2.734],2.67725,1.5256363888888889,2.940711462450593,8,948.75,1,3232,1605289301020,1605288352270,50,100
4,10120,75.74454000091552,[2.58;2.627;2.729;2.731],2.66675,1.5445944444444442,2.9175230566534913,8,948.75,1,3233,1605289309020,1605288360270,50,100
4,10036,75.01857099914551,[2.552;2.607;2.711;2.709],2.64475,1.5007522222222232,2.8964426877470357,8,948.75,1,3232,1605289317020,1605288368270,50,100
4,9935,83.1305890007019,[2.526;2.589;2.675;2.681],2.61775,1.4813191666666676,2.8753623188405797,8,948.75,1,3232,1605289325020,1605288376270,50,100
4,9832,76.99000500106811,[2.499;2.556;2.64;2.668],2.59075,1.5640147222222225,2.834255599472991,8,948.75,1,3232,1605289333020,1605288384270,50,100
4,9773,74.56784700012207,[2.486;2.536;2.633;2.646],2.57525,1.6027555555555557,2.812121212121212,8,948.75,1,3232,1605289341020,1605288392270,50,100
4,9683,74.42626399993897,[2.47;2.511;2.608;2.618],2.55175,1.5467561111111117,2.792094861660079,8,948.75,1,3232,1605289349020,1605288400270,50,100
4,9580,81.79853800010682,[2.438;2.487;2.581;2.591],2.5242500000000003,1.547315000000001,2.7699604743083004,8,948.75,1,3233,1605289357020,1605288408270,50,100
4,9476,74.94143199920654,[2.408;2.467;2.545;2.567],2.49675,1.539337222222223,2.7288537549407113,8,948.75,1,3232,1605289365020,1605288416270,50,100
4,9406,82.47536999893188,[2.388;2.453;2.526;2.547],2.4785,1.5552777777777778,2.7067193675889327,8,948.75,1,3232,1605289373020,1605288424270,50,100
4,9321,75.67835300064087,[2.359;2.433;2.51;2.523],2.45625,1.5805519444444445,2.685638998682477,8,948.75,1,3232,1605289381020,1605288432270,50,100
4,9247,77.96481700134278,[2.338;2.418;2.486;2.504],2.4365,1.5802413888888889,2.663504611330698,8,948.75,1,3232,1605289389020,1605288440270,50,100
4,9128,94.18471999931336,[2.303;2.379;2.469;2.471],2.4055,1.5975375000000007,2.6223978919631095,8,948.75,1,3232,1605289397020,1605288448270,50,100
4,9062,77.43496999931335,[2.295;2.345;2.462;2.45],2.388,1.5727566666666657,2.599209486166008,8,948.75,1,3232,1605289405020,1605288456270,50,100
4,8991,76.02900199890136,[2.276;2.342;2.425;2.434],2.36925,1.578899999999999,2.5770750988142295,8,948.75,1,3232,1605289413020,1605288464270,50,100
4,8922,75.62185000038147,[2.259;2.328;2.396;2.421],2.351,1.583151111111111,2.5549407114624505,8,948.75,1,3232,1605289421020,1605288472270,50,100
4,8850,79.33923999977112,[2.235;2.311;2.377;2.405],2.332,1.6012905555555563,2.533860342555995,8,948.75,1,3232,1605289429020,1605288480270,50,100
4,8689,80.54507400131226,[2.196;2.271;2.352;2.34],2.28975,1.5911111111111114,2.4927536231884058,8,948.75,1,3232,1605289437020,1605288488270,50,100
4,8654,75.7054260005951,[2.198;2.253;2.339;2.331],2.28025,1.501048333333333,2.4706192358366272,8,948.75,1,3232,1605289445020,1605288496270,50,100
4,8582,80.2699670009613,[2.173;2.232;2.328;2.311],2.261,1.448902222222222,2.449538866930171,8,948.75,1,3232,1605289453020,1605288504270,50,100
4,8494,87.09928400039672,[2.153;2.207;2.297;2.296],2.23825,1.5028711111111113,2.4284584980237156,8,948.75,1,3232,1605289461020,1605288512270,50,100
4,8386,77.7601159992218,[2.123;2.186;2.266;2.264],2.20975,1.5719675000000006,2.3862977602108035,8,948.75,1,3232,1605289469020,1605288520270,50,100
4,8318,75.08114599990844,[2.109;2.17;2.24;2.248],2.19175,1.572844444444445,2.365217391304348,8,948.75,1,3232,1605289477020,1605288528270,50,100
4,8224,85.32380699920654,[2.073;2.152;2.218;2.225],2.167,1.5241244444444444,2.343083003952569,8,948.75,1,3232,1605289485020,1605288536270,50,100
4,8138,81.10756999969482,[2.055;2.122;2.206;2.194],2.1442499999999995,1.537949166666667,2.3230566534914363,8,948.75,1,3232,1605289493020,1605288544270,50,100
4,8023,84.8817530002594,[2.03;2.082;2.173;2.171],2.114,1.5667088888888894,2.2798418972332017,8,948.75,1,3232,1605289501020,1605288552270,50,100
4,7954,76.54835400009155,[2.013;2.056;2.16;2.154],2.09575,1.5956386111111107,2.2577075098814228,8,948.75,1,3232,1605289509020,1605288560270,50,100
4,7889,81.62069899940491,[1.996;2.05;2.131;2.138],2.07875,1.649556944444444,2.2376811594202897,8,948.75,1,3232,1605289517020,1605288568270,50,100
4,7793,87.35341200065612,[1.97;2.028;2.103;2.113],2.0535,1.6568061111111103,2.214492753623188,8,948.75,1,3232,1605289525020,1605288576270,50,100
4,7710,81.04013199996949,[1.951;2.001;2.087;2.088],2.0317499999999997,1.6366147222222223,2.1934123847167326,8,948.75,1,3232,1605289533020,1605288584270,50,100
4,7592,83.707375,[1.92;1.972;2.057;2.052],2.00025,1.6138147222222212,2.1523056653491435,8,948.75,1,3232,1605289541020,1605288592270,50,100
4,7535,80.02341300010681,[1.901;1.952;2.05;2.038],1.9852499999999997,1.5783711111111112,2.131225296442688,8,948.75,1,3232,1605289549020,1605288600270,50,100
4,7448,77.1251189994812,[1.878;1.93;2.024;2.018],1.9625,1.6254983333333328,2.109090909090909,8,948.75,1,3232,1605289557020,1605288608270,50,100
4,7340,75.44291800117493,[1.85;1.891;2.001;1.995],1.93425,1.6259730555555572,2.0880105401844533,8,948.75,1,3232,1605289565020,1605288616270,50,100
4,7244,80.60105999946595,[1.819;1.869;1.97;1.977],1.90875,1.6675391666666672,2.046903820816864,8,948.75,1,3232,1605289573020,1605288624270,50,100
4,7195,84.74896299934387,[1.807;1.858;1.953;1.966],1.8960000000000001,1.6343586111111117,2.0258234519104086,8,948.75,1,3232,1605289581020,1605288632270,50,100
4,7110,79.89698000144959,[1.788;1.835;1.932;1.939],1.8735,1.5688166666666674,2.002635046113307,8,948.75,1,3232,1605289589020,1605288640270,50,100
4,7002,77.30398399925232,[1.754;1.809;1.909;1.909],1.8452499999999998,1.6002188888888889,1.982608695652174,8,948.75,1,3232,1605289597020,1605288648270,50,100
4,6910,76.02550899887085,[1.729;1.783;1.881;1.89],1.8207499999999999,1.4955727777777765,1.9404479578392622,8,948.75,1,3232,1605289605020,1605288656270,50,100
4,6858,77.29768000030518,[1.715;1.773;1.874;1.867],1.80725,1.5060316666666667,1.9193675889328063,8,948.75,1,3232,1605289613020,1605288664270,50,100
4,6759,77.7734200000763,[1.689;1.74;1.843;1.852],1.7810000000000001,1.4520413888888892,1.8982872200263505,8,948.75,1,3232,1605289621020,1605288672270,50,100
4,6672,80.67247399902344,[1.669;1.72;1.812;1.832],1.75825,1.4853094444444441,1.8740447957839261,8,948.75,1,3232,1605289629020,1605288680270,50,100
4,6569,75.70739699935913,[1.64;1.68;1.791;1.813],1.7309999999999999,1.4840513888888884,1.8339920948616601,8,948.75,1,3232,1605289637020,1605288688270,50,100
4,6511,76.66013000106811,[1.622;1.68;1.768;1.793],1.71575,1.5345766666666674,1.8129117259552041,8,948.75,1,3232,1605289645020,1605288696270,50,100
4,6437,88.15161400032044,[1.611;1.665;1.747;1.762],1.69625,1.531058333333333,1.7907773386034256,8,948.75,1,3232,1605289653020,1605288704270,50,100
4,6336,77.87768499946594,[1.58;1.638;1.72;1.74],1.6695,1.573945833333332,1.7675889328063241,8,948.75,1,3232,1605289661020,1605288712270,50,100
4,6244,83.88085499954224,[1.56;1.605;1.705;1.711],1.64525,1.5691833333333327,1.7454545454545454,8,948.75,1,3232,1605289669020,1605288720270,50,100
4,6171,76.72630000114441,[1.533;1.586;1.683;1.702],1.626,1.6646463888888903,1.706455862977602,8,948.75,1,3232,1605289677020,1605288728270,50,100
4,6085,80.54285099983215,[1.509;1.574;1.66;1.671],1.6035000000000001,1.6284966666666671,1.6832674571805006,8,948.75,1,3232,1605289685020,1605288736270,50,100
4,5981,80.41023500061036,[1.479;1.55;1.626;1.648],1.5757499999999998,1.6653147222222229,1.6632411067193675,8,948.75,1,3232,1605289693020,1605288744270,50,100
4,5892,73.04833499908447,[1.457;1.516;1.609;1.628],1.5525,1.6292350000000007,1.641106719367589,8,948.75,1,3232,1605289701020,1605288752270,50,100
4,5816,77.7876599998474,[1.441;1.499;1.586;1.604],1.5325000000000002,1.6921863888888895,1.6010540184453228,8,948.75,1,3232,1605289709020,1605288760270,50,100
4,5727,79.42773700141906,[1.418;1.465;1.57;1.583],1.5090000000000001,1.6373444444444443,1.5768115942028986,8,948.75,1,3232,1605289717020,1605288768270,50,100
4,5651,77.7932919998169,[1.392;1.45;1.54;1.574],1.4889999999999999,1.6161711111111106,1.5588932806324112,8,948.75,1,3232,1605289725020,1605288776270,50,100
4,5566,79.38799199867249,[1.374;1.431;1.51;1.55],1.46625,1.55045611111111,1.5588932806324112,8,948.75,1,3232,1605289733020,1605288784270,50,100
4,5443,81.93131799888612,[1.346;1.392;1.48;1.519],1.43425,1.4896155555555561,1.5588932806324112,8,948.75,1,3232,1605289741020,1605288792270,50,100
4,5388,72.8821519985199,[1.324;1.381;1.476;1.499],1.42,1.4528383333333335,1.5599472990777339,8,948.75,1,3232,1605289749020,1605288800270,50,100
4,5309,75.7403810005188,[1.313;1.359;1.447;1.477],1.399,1.467338611111112,1.5599472990777339,8,948.75,1,3232,1605289757020,1605288808270,50,100
4,5239,88.09727899932861,[1.308;1.343;1.422;1.449],1.3804999999999998,1.4733030555555546,1.5588932806324112,8,948.75,1,3232,1605289765020,1605288816270,50,100
4,5171,621.6526420001984,[1.307;1.314;1.398;1.431],1.3625,1.5009916666666665,1.5588932806324112,8,948.75,1,3232,1605289773020,1605288824270,50,100
4,5107,79.88631900024414,[1.299;1.302;1.375;1.407],1.34575,1.5509391666666668,1.5588932806324112,8,948.75,1,3232,1605289781020,1605288832270,50,100
4,5088,83.58090200042724,[1.299;1.309;1.36;1.396],1.341,1.5779091666666665,1.5588932806324112,8,948.75,1,3232,1605289789020,1605288840270,50,100
4,5048,76.19501799964905,[1.303;1.305;1.355;1.358],1.33025,1.5352361111111106,1.5599472990777339,8,948.75,1,3232,1605289797020,1605288848270,50,100
4,3741,69.26450100135803,[1.308;1.305;1.332;1.316],1.31525,1.5176419444444453,1.559774964838256,8,711,1,2428,1605289805020,1605289094020,50,100
4,3730,65.91497299957275,[1.302;1.309;1.332;1.302],1.3112499999999998,1.639972500000001,1.5583684950773558,8,711,1,2428,1605289813020,1605289102020,50,100
4,3735,66.74059499931336,[1.311;1.305;1.331;1.307],1.3135,1.659541111111112,1.5583684950773558,8,711,1,2428,1605289821020,1605289110020,50,100
4,3738,64.48684499931335,[1.305;1.314;1.335;1.304],1.3145,1.645889166666667,1.559774964838256,8,711,1,2428,1605289829020,1605289118020,50,100
4,3744,68.3769969997406,[1.316;1.316;1.331;1.302],1.3162500000000001,1.6503872222222222,1.5583684950773558,8,711,1,2428,1605289837020,1605289126020,50,100
4,3734,64.03477799987793,[1.318;1.304;1.326;1.304],1.313,1.6979438888888891,1.5583684950773558,8,711,1,2428,1605289845020,1605289134020,50,100
4,3734,64.06407800102234,[1.315;1.307;1.335;1.295],1.313,1.7264688888888895,1.5583684950773558,8,711,1,2428,1605289853020,1605289142020,50,100
4,3742,70.27893100166321,[1.314;1.316;1.338;1.295],1.31575,1.7379761111111116,1.559774964838256,8,711,1,2428,1605289861020,1605289150020,50,100
4,3753,67.91627099990845,[1.322;1.314;1.343;1.3],1.31975,1.6462561111111103,1.5583684950773558,8,711,1,2428,1605289869020,1605289158020,50,100
4,3768,66.90368599891663,[1.06;1.055;1.081;1.043],1.05975,1.5360958333333337,1.5583684950773558,8,888.75,1,2448,1605289877020,1605288988270,50,100
4,3826,67.23342300033569,[1.069;1.067;1.098;1.071],1.07625,1.5082180555555558,1.559493670886076,8,888.75,1,2469,1605289885020,1605288996270,50,100
4,3868,66.41898799896241,[1.082;1.079;1.107;1.084],1.088,1.5525663888888885,1.559493670886076,8,888.75,1,2492,1605289893020,1605289004270,50,100
4,3912,63.41485599899292,[1.093;1.087;1.126;1.096],1.1004999999999998,1.5229766666666669,1.559493670886076,8,888.75,1,2513,1605289901020,1605289012270,50,100
4,3945,66.68149099922181,[1.104;1.097;1.135;1.103],1.10975,1.6370066666666667,1.5752461322081575,8,888.75,1,2536,1605289909020,1605289020270,50,100
4,3993,70.96753900146484,[1.116;1.113;1.144;1.12],1.12325,2.2889755555555547,1.6168776371308018,8,888.75,1,2577,1605289917020,1605289028270,50,100
4,4034,66.41050899887085,[1.131;1.124;1.152;1.132],1.13475,2.665068611111111,1.6416315049226442,8,888.75,1,2600,1605289925020,1605289036270,50,100
4,4078,69.4923719997406,[1.142;1.138;1.17;1.139],1.1472499999999999,2.915502222222222,1.6630098452883264,8,888.75,1,2621,1605289933020,1605289044270,50,100
4,4123,68.50340299987793,[1.166;1.149;1.181;1.143],1.15975,3.2087486111111114,1.6866385372714487,8,888.75,1,2644,1605289941020,1605289052270,50,100
4,4191,71.58750799942017,[1.204;1.163;1.193;1.156],1.179,3.6597769444444435,1.730520393811533,8,888.75,1,2685,1605289949020,1605289060270,50,100
4,4264,67.5116430015564,[1.233;1.181;1.207;1.176],1.1992500000000001,3.8867688888888887,1.7541490857946553,8,888.75,1,2708,1605289957020,1605289068270,50,100
4,4349,74.2172590007782,[1.262;1.219;1.225;1.187],1.22325,4.186171944444446,1.7766526019690576,8,888.75,1,2729,1605289965020,1605289076270,50,100
4,4440,73.25983700180053,[1.3;1.248;1.244;1.204],1.2489999999999999,4.293047777777778,1.80028129395218,8,888.75,1,2752,1605289973020,1605289084270,50,100
4,4539,72.03905399894714,[1.325;1.28;1.284;1.217],1.2765,4.2869649999999995,1.8430379746835444,8,888.75,1,2793,1605289981020,1605289092270,50,100
4,4660,80.70936000061035,[1.366;1.318;1.316;1.243],1.31075,4.404074166666666,1.8666666666666667,8,888.75,1,2816,1605289989020,1605289100270,50,100
4,4771,69.85916799926758,[1.404;1.349;1.34;1.275],1.342,4.633804166666668,1.889170182841069,8,888.75,1,2837,1605289997020,1605289108270,50,100
4,4869,71.65584099960327,[1.432;1.379;1.373;1.294],1.3695,4.783141944444443,1.9116736990154712,8,888.75,1,2860,1605290005020,1605289116270,50,100
4,4990,73.31095499992371,[1.473;1.426;1.401;1.315],1.40375,4.821145555555551,1.9544303797468354,8,888.75,1,2900,1605290013020,1605289124270,50,100
4,5117,83.98357900047303,[1.507;1.457;1.446;1.348],1.4395,4.75351138888889,1.9791842475386778,8,888.75,1,2924,1605290021020,1605289132270,50,100
4,5243,77.9462140007019,[1.545;1.496;1.476;1.382],1.4747499999999998,4.666463611111114,2.0016877637130803,8,888.75,1,2945,1605290029020,1605289140270,50,100
4,5356,71.61338300132752,[1.574;1.532;1.504;1.415],1.5062499999999999,4.685590833333339,2.0253164556962027,8,888.75,1,2968,1605290037020,1605289148270,50,100
4,5492,74.92005800056458,[1.608;1.565;1.55;1.456],1.54475,4.735166388888888,2.0714486638537273,8,888.75,1,3012,1605290045020,1605289156270,50,100
4,5592,87.36968000030518,[1.634;1.589;1.576;1.493],1.573,4.746944722222226,2.0928270042194095,8,888.75,1,3025,1605290053020,1605289164270,50,100
4,5680,82.5307049999237,[1.66;1.611;1.6;1.52],1.59775,4.659443888888893,2.117580872011252,8,888.75,1,3027,1605290061020,1605289172270,50,100
4,5760,79.1083269996643,[1.689;1.628;1.617;1.547],1.62025,4.728003611111113,2.138959212376934,8,888.75,1,3027,1605290069020,1605289180270,50,100
4,5816,75.41785099983215,[1.706;1.646;1.633;1.559],1.636,4.768225833333337,2.183966244725738,8,888.75,1,3028,1605290077020,1605289188270,50,100
4,5924,72.44884799957275,[1.741;1.678;1.659;1.589],1.66675,4.764166388888891,2.208720112517581,8,888.75,1,3028,1605290085020,1605289196270,50,100
4,6012,81.6255,[1.764;1.698;1.681;1.621],1.6909999999999998,4.66601361111111,2.230098452883263,8,888.75,1,3028,1605290093020,1605289204270,50,100
4,6104,75.22497100067139,[1.792;1.724;1.708;1.644],1.717,4.791273055555554,2.2537271448663856,8,888.75,1,3028,1605290101020,1605289212270,50,100
4,6161,79.56689699935913,[1.807;1.733;1.724;1.669],1.73325,4.659030833333333,2.29985935302391,8,888.75,1,3028,1605290109020,1605289220270,50,100
4,6251,77.4943840007782,[1.837;1.762;1.744;1.69],1.7582499999999999,4.696678055555555,2.321237693389592,8,888.75,1,3028,1605290117020,1605289228270,50,100
4,6353,77.48388199996948,[1.859;1.789;1.773;1.727],1.787,4.698905555555557,2.347116736990155,8,888.75,1,3028,1605290125020,1605289236270,50,100
4,6445,73.46853399848938,[1.881;1.818;1.803;1.75],1.813,4.700106388888887,2.369620253164557,8,888.75,1,3028,1605290133020,1605289244270,50,100
4,6528,76.9670090007782,[1.914;1.842;1.825;1.764],1.8362500000000002,4.739252499999997,2.390998593530239,8,888.75,1,3028,1605290141020,1605289252270,50,100
4,6581,78.1790180015564,[1.926;1.848;1.846;1.785],1.85125,4.660027499999999,2.4371308016877635,8,888.75,1,3028,1605290149020,1605289260270,50,100
4,6678,73.92177700042724,[1.944;1.888;1.871;1.81],1.87825,4.564335000000002,2.459634317862166,8,888.75,1,3028,1605290157020,1605289268270,50,100
4,6778,76.76624100112915,[1.978;1.915;1.889;1.844],1.9065,4.672053333333336,2.483263009845288,8,888.75,1,3028,1605290165020,1605289276270,50,100
4,6850,75.93714599990845,[1.996;1.934;1.902;1.876],1.927,4.746055555555556,2.5057665260196904,8,888.75,1,3028,1605290173020,1605289284270,50,100
4,6905,78.630625,[2.014;1.95;1.915;1.89],1.9422499999999998,4.731259722222225,2.549648382559775,8,888.75,1,3028,1605290181020,1605289292270,50,100
4,7002,74.6322530002594,[2.043;1.983;1.936;1.916],1.9695,4.8252522222222245,2.572151898734177,8,888.75,1,3028,1605290189020,1605289300270,50,100
4,7081,77.95333499908448,[2.068;1.999;1.97;1.93],1.99175,4.840384999999995,2.5969057665260196,8,888.75,1,3028,1605290197020,1605289308270,50,100
4,7173,77.41819799995423,[2.098;2.033;1.99;1.949],2.0175,4.9399572222222226,2.619409282700422,8,888.75,1,3028,1605290205020,1605289316270,50,100
4,7227,83.80385200119018,[2.112;2.042;2.007;1.97],2.03275,4.82717388888889,2.6632911392405063,8,888.75,1,3028,1605290213020,1605289324270,50,100
4,7338,84.22015000152588,[2.131;2.08;2.048;1.997],2.064,4.811942777777781,2.6846694796061885,8,888.75,1,3028,1605290221020,1605289332270,50,100
4,7423,78.77899799919129,[2.168;2.102;2.062;2.02],2.0879999999999996,4.788347500000004,2.708298171589311,8,888.75,1,3028,1605290229020,1605289340270,50,100
4,7523,79.95716300010682,[2.196;2.122;2.098;2.048],2.1159999999999997,4.753621666666668,2.7341772151898733,8,888.75,1,3028,1605290237020,1605289348270,50,100
4,7600,75.61397999954224,[2.214;2.146;2.119;2.073],2.138,4.642419722222224,2.7555555555555555,8,888.75,1,3028,1605290245020,1605289356270,50,100
4,7695,81.5080419998169,[2.244;2.174;2.14;2.101],2.1647499999999997,4.662791666666669,2.80056258790436,8,888.75,1,3028,1605290253020,1605289364270,50,100
4,7793,80.59389599990844,[2.272;2.194;2.176;2.127],2.1922499999999996,4.6442158333333365,2.8241912798874824,8,888.75,1,3028,1605290261020,1605289372270,50,100
4,7864,79.06644899940491,[2.3;2.208;2.193;2.148],2.21225,4.671159166666666,2.848945147679325,8,888.75,1,3028,1605290269020,1605289380270,50,100
4,7947,78.32576399993897,[2.319;2.23;2.217;2.176],2.2355,4.723296111111109,2.871448663853727,8,888.75,1,3028,1605290277020,1605289388270,50,100
4,8039,80.1209049987793,[2.343;2.257;2.237;2.209],2.2615,4.828763333333334,2.8962025316455695,8,888.75,1,3028,1605290285020,1605289396270,50,100
4,8130,80.94893300056458,[2.367;2.286;2.266;2.228],2.28675,4.64608055555556,2.938959212376934,8,888.75,1,3028,1605290293020,1605289404270,50,100
4,8204,74.40480399894714,[2.391;2.298;2.293;2.249],2.30775,4.634691388888887,2.9625879043600563,8,888.75,1,3028,1605290301020,1605289412270,50,100
4,8281,71.28896599960328,[2.411;2.319;2.311;2.276],2.32925,4.705418888888887,2.9884669479606187,8,888.75,1,3028,1605290309020,1605289420270,50,100
4,8365,82.92572599983215,[2.437;2.34;2.332;2.302],2.35275,4.7622336111111085,3.012095639943741,8,888.75,1,3028,1605290317020,1605289428270,50,100
4,8435,87.20572500038146,[2.459;2.356;2.366;2.31],2.37275,4.677560833333336,3.0582278481012657,8,888.75,1,3028,1605290325020,1605289436270,50,100
4,8514,79.86617400169372,[2.482;2.385;2.38;2.332],2.39475,4.710101111111112,3.082981715893108,8,888.75,1,3028,1605290333020,1605289444270,50,100
4,8603,87.78844799995423,[2.506;2.408;2.403;2.363],2.42,4.734786388888892,3.1054852320675104,8,888.75,1,3028,1605290341020,1605289452270,50,100
4,8693,78.42624899864197,[2.527;2.427;2.432;2.395],2.44525,4.813027499999995,3.1291139240506327,8,888.75,1,3028,1605290349020,1605289460270,50,100
4,8774,81.18222100067139,[2.56;2.447;2.454;2.411],2.468,4.6433516666666685,3.150492264416315,8,888.75,1,3028,1605290357020,1605289468270,50,100
4,8820,83.6003269996643,[2.565;2.465;2.464;2.429],2.48075,4.735008888888893,3.1966244725738395,8,888.75,1,3028,1605290365020,1605289476270,50,100
4,8950,82.19816199874877,[2.597;2.501;2.498;2.474],2.5175,4.537743333333333,3.219127988748242,8,888.75,1,3028,1605290373020,1605289484270,50,100
4,9023,79.40889900016785,[2.615;2.523;2.515;2.5],2.53825,4.603190277777778,3.241631504922644,8,888.75,1,3028,1605290381020,1605289492270,50,100
4,9121,79.99279199981689,[2.641;2.542;2.555;2.525],2.56575,4.591372222222225,3.2630098452883263,8,888.75,1,3028,1605290389020,1605289500270,50,100
4,9168,81.4882739982605,[2.657;2.554;2.568;2.537],2.5789999999999997,4.544418055555555,3.309142053445851,8,888.75,1,3028,1605290397020,1605289508270,50,100
4,9263,80.1302110004425,[2.68;2.585;2.592;2.565],2.6055,4.569319444444442,3.3327707454289732,8,888.75,1,3028,1605290405020,1605289516270,50,100
4,9344,77.21750899887085,[2.708;2.604;2.613;2.589],2.6285000000000003,4.6564322222222225,3.3552742616033755,8,888.75,1,3028,1605290413020,1605289524270,50,100
4,9430,73.68241899871826,[2.73;2.64;2.632;2.609],2.65275,4.692056666666666,3.378902953586498,8,888.75,1,3028,1605290421020,1605289532270,50,100
4,9490,76.08620499992371,[2.744;2.654;2.651;2.628],2.66925,4.829816388888888,3.4227848101265823,8,888.75,1,3028,1605290429020,1605289540270,50,100
4,9572,80.49489400100708,[2.768;2.682;2.677;2.643],2.6925,4.745586666666669,3.4464135021097047,8,888.75,1,3028,1605290437020,1605289548270,50,100
4,9674,77.8315,[2.806;2.704;2.712;2.663],2.72125,4.864352500000001,3.467791842475387,8,888.75,1,3028,1605290445020,1605289556270,50,100
4,9771,76.15678000068665,[2.828;2.725;2.74;2.702],2.74875,4.79667277777778,3.491420534458509,8,888.75,1,3028,1605290453020,1605289564270,50,100
4,9832,78.51030599975586,[2.847;2.752;2.752;2.712],2.7657499999999997,4.827795833333328,3.5161744022503516,8,888.75,1,3028,1605290461020,1605289572270,50,100
4,9924,79.51745599937439,[2.874;2.778;2.768;2.747],2.79175,4.901785277777775,3.558931082981716,8,888.75,1,3028,1605290469020,1605289580270,50,100
4,10010,78.83889700126647,[2.897;2.807;2.793;2.766],2.81575,4.881153611111115,3.580309423347398,8,888.75,1,3028,1605290477020,1605289588270,50,100
4,10114,76.93120300102234,[2.925;2.839;2.828;2.788],2.8449999999999998,4.824767222222218,3.6050632911392406,8,888.75,1,3028,1605290485020,1605289596270,50,100
4,10181,77.84607099914551,[2.943;2.853;2.85;2.808],2.8635,4.753606944444448,3.629817158931083,8,888.75,1,3028,1605290493020,1605289604270,50,100
4,10276,81.2045410003662,[2.965;2.877;2.886;2.834],2.8905,4.58699972222222,3.6658227848101266,8,888.75,1,3028,1605290501020,1605289612270,50,100
4,10365,74.37970400047303,[2.99;2.903;2.902;2.868],2.9157500000000005,4.419614166666663,3.6669479606188466,8,888.75,1,3028,1605290509020,1605289620270,50,100
4,10469,76.06209099960327,[3.008;2.93;2.937;2.905],2.945,3.9890183333333344,3.6658227848101266,8,888.75,1,3028,1605290517020,1605289628270,50,100
4,10553,80.01805699920655,[3.037;2.963;2.955;2.92],2.96875,3.6966808333333336,3.6658227848101266,8,888.75,1,3028,1605290525020,1605289636270,50,100
4,10615,81.95742600059509,[3.053;2.977;2.968;2.946],2.9859999999999998,3.403446111111111,3.6658227848101266,8,888.75,1,3028,1605290533020,1605289644270,50,100
4,10687,74.91002000045776,[3.062;2.997;3;2.966],3.0062499999999996,2.9042505555555578,3.6669479606188466,8,888.75,1,3028,1605290541020,1605289652270,50,100
4,10752,74.40940099906922,[3.063;3.012;3.031;2.992],3.0244999999999997,2.6436588888888894,3.6658227848101266,8,888.75,1,3028,1605290549020,1605289660270,50,100
4,10819,83.32458899879455,[3.063;3.037;3.057;3.017],3.0435,2.2038972222222237,3.6658227848101266,8,888.75,1,3028,1605290557020,1605289668270,50,100
4,10861,86.62215300178528,[3.065;3.041;3.073;3.041],3.055,1.962577777777778,3.6658227848101266,8,888.75,1,3028,1605290565020,1605289676270,50,100
4,10883,80.22379999923706,[3.062;3.032;3.081;3.071],3.0614999999999997,1.9427422222222217,3.6669479606188466,8,888.75,1,3028,1605290573020,1605289684270,50,100
4,10908,75.30187000083923,[3.066;3.03;3.087;3.09],3.06825,1.6845308333333329,3.6669479606188466,8,888.75,1,3028,1605290581020,1605289692270,50,100
4,10921,77.20033500099183,[3.064;3.033;3.091;3.1],3.0719999999999996,1.6883633333333337,3.6669479606188466,8,888.75,1,3028,1605290589020,1605289700270,50,100
4,10932,79.13747200012207,[3.06;3.032;3.089;3.119],3.075,1.699421666666666,3.6658227848101266,8,888.75,1,3028,1605290597020,1605289708270,50,100
4,10934,79.04826300048828,[3.059;3.037;3.087;3.119],3.0755,1.6176388888888888,3.6658227848101266,8,888.75,1,3028,1605290605020,1605289716270,50,100
4,10932,75.65592400169372,[3.062;3.037;3.086;3.116],3.07525,1.6292311111111113,3.6658227848101266,8,888.75,1,3029,1605290613020,1605289724270,50,100
4,10937,80.4566129989624,[3.064;3.038;3.086;3.118],3.0765000000000002,1.6027544444444448,3.6669479606188466,8,888.75,1,3028,1605290621020,1605289732270,50,100
4,10948,77.61484000015258,[3.062;3.046;3.091;3.12],3.0797499999999998,1.5936386111111112,3.6669479606188466,8,888.75,1,3028,1605290629020,1605289740270,50,100
4,10946,73.58310400009155,[3.062;3.045;3.09;3.12],3.07925,1.5296616666666667,3.6658227848101266,8,888.75,1,3028,1605290637020,1605289748270,50,100
4,10929,75.13938399887085,[3.054;3.046;3.086;3.111],3.07425,1.6004088888888892,3.6669479606188466,8,888.75,1,3028,1605290645020,1605289756270,50,100
4,10932,76.73297299957275,[3.062;3.042;3.082;3.114],3.075,1.5891547222222226,3.6669479606188466,8,888.75,1,3028,1605290653020,1605289764270,50,100
4,10954,74.0382049999237,[3.063;3.053;3.093;3.117],3.0815,1.6024888888888884,3.6658227848101266,8,888.75,1,3028,1605290661020,1605289772270,50,100
4,10968,80.05037000083924,[3.071;3.054;3.099;3.118],3.0855,1.6102205555555553,3.6669479606188466,8,888.75,1,3028,1605290669020,1605289780270,50,100
4,10954,75.7518840007782,[3.071;3.049;3.091;3.114],3.08125,1.5807394444444451,3.6658227848101266,8,888.75,1,3028,1605290677020,1605289788270,50,100
4,10955,84.50304599952698,[3.058;3.056;3.092;3.12],3.0815,1.5570802777777775,3.6669479606188466,8,888.75,1,3028,1605290685020,1605289796270,50,100
4,10961,86.3060719985962,[3.058;3.056;3.096;3.122],3.083,1.577332222222222,3.6669479606188466,8,888.75,1,3028,1605290693020,1605289804270,50,100
4,10971,80.42003499984742,[3.066;3.058;3.093;3.127],3.0859999999999994,1.545617499999999,3.6658227848101266,8,888.75,1,3028,1605290701020,1605289812270,50,100
4,10972,78.61245899963379,[3.06;3.06;3.101;3.123],3.0860000000000003,1.5101519444444442,3.6669479606188466,8,888.75,1,3028,1605290709020,1605289820270,50,100
4,10961,79.5438480014801,[3.06;3.053;3.093;3.127],3.0832499999999996,1.5415113888888883,3.6669479606188466,8,888.75,1,3028,1605290717020,1605289828270,50,100
4,10963,73.96962999916077,[3.056;3.051;3.096;3.131],3.0835,1.5231338888888892,3.6669479606188466,8,888.75,1,3028,1605290725020,1605289836270,50,100
4,10972,78.49648900032044,[3.054;3.057;3.1;3.135],3.0865,1.5153522222222222,3.6658227848101266,8,888.75,1,3028,1605290733020,1605289844270,50,100
4,10973,81.89369000053406,[3.055;3.062;3.095;3.135],3.08675,1.5272936111111115,3.6658227848101266,8,888.75,1,3028,1605290741020,1605289852270,50,100
4,10947,78.26719499969482,[3.047;3.046;3.092;3.132],3.07925,1.578124166666666,3.6669479606188466,8,888.75,1,3028,1605290749020,1605289860270,50,100
4,10959,97.81945700073243,[3.048;3.055;3.092;3.136],3.08275,1.5658980555555562,3.6669479606188466,8,888.75,1,3028,1605290757020,1605289868270,50,100
4,10958,74.27192700004578,[3.054;3.048;3.091;3.137],3.0825000000000005,1.4582719444444443,3.6658227848101266,8,888.75,1,3028,1605290765020,1605289876270,50,100
4,10949,76.55693300056457,[3.057;3.051;3.086;3.125],3.07975,1.5285094444444438,3.6658227848101266,8,888.75,1,3028,1605290773020,1605289884270,50,100
4,10933,81.81395199966431,[3.049;3.045;3.084;3.123],3.0752499999999996,1.589415277777778,3.6669479606188466,8,888.75,1,3028,1605290781020,1605289892270,50,100
4,10934,79.40990099906921,[3.054;3.05;3.073;3.126],3.0757499999999998,1.6197172222222231,3.6658227848101266,8,888.75,1,3028,1605290789020,1605289900270,50,100
4,10948,81.3718360004425,[3.056;3.063;3.077;3.122],3.0795,1.5555627777777776,3.6421940928270042,8,888.75,1,3028,1605290797020,1605289908270,50,100
4,10937,84.23889400100708,[3.056;3.055;3.077;3.118],3.0765000000000002,1.5647672222222215,3.619690576652602,8,888.75,1,3028,1605290805020,1605289916270,50,100
4,10927,81.08782999992371,[3.047;3.051;3.083;3.113],3.0735,1.5340180555555545,3.5758087201125175,8,888.75,1,3028,1605290813020,1605289924270,50,100
4,10934,78.96600299835205,[3.056;3.051;3.076;3.119],3.0755,1.5899461111111113,3.553305203938115,8,888.75,1,3028,1605290821020,1605289932270,50,100
4,10932,75.44242600059509,[3.047;3.053;3.075;3.126],3.07525,1.630690555555556,3.530801687763713,8,888.75,1,3028,1605290829020,1605289940270,50,100
4,10910,79.73621499824525,[3.019;3.051;3.082;3.123],3.0687500000000005,1.580069444444444,3.5082981715893107,8,888.75,1,3028,1605290837020,1605289948270,50,100
4,10856,78.83082500076294,[2.993;3.037;3.075;3.11],3.05375,1.5434908333333337,3.463291139240506,8,888.75,1,3028,1605290845020,1605289956270,50,100
4,10823,75.01968299865723,[2.978;3.014;3.068;3.117],3.04425,1.5945722222222223,3.4385372714486637,8,888.75,1,3028,1605290853020,1605289964270,50,100
4,10788,79.0232799987793,[2.959;2.999;3.064;3.117],3.03475,1.6216383333333328,3.4171589310829815,8,888.75,1,3028,1605290861020,1605289972270,50,100
4,10743,79.55702700042724,[2.949;2.983;3.041;3.114],3.02175,1.6331980555555554,3.392405063291139,8,888.75,1,3028,1605290869020,1605289980270,50,100
4,10670,77.31060899925232,[2.923;2.959;3.022;3.101],3.0012499999999998,1.6125522222222224,3.369901547116737,8,888.75,1,3029,1605290877020,1605289988270,50,100
4,10567,86.09617399978637,[2.893;2.928;3;3.069],2.9725,1.6385269444444448,3.326019690576653,8,888.75,1,3028,1605290885020,1605289996270,50,100
4,10522,78.94011100006104,[2.876;2.921;2.976;3.066],2.9597499999999997,1.5799927777777774,3.3035161744022505,8,888.75,1,3028,1605290893020,1605290004270,50,100
4,10446,79.09847299957275,[2.848;2.887;2.964;3.055],2.9385,1.6449177777777766,3.279887482419128,8,888.75,1,3028,1605290901020,1605290012270,50,100
4,10372,82.91009199905396,[2.829;2.868;2.936;3.038],2.91775,1.6017299999999992,3.257383966244726,8,888.75,1,3029,1605290909020,1605290020270,50,100
4,10259,73.50700999832154,[2.795;2.835;2.906;3.006],2.8855,1.6045233333333326,3.2123769338959214,8,888.75,1,3028,1605290917020,1605290028270,50,100
4,10206,76.20093700027466,[2.783;2.816;2.893;2.992],2.8710000000000004,1.5853219444444424,3.189873417721519,8,888.75,1,3029,1605290925020,1605290036270,50,100
4,10117,81.41892399978637,[2.761;2.798;2.862;2.961],2.8455,1.5817541666666668,3.167369901547117,8,888.75,1,3028,1605290933020,1605290044270,50,100
4,10042,86.61130200004578,[2.743;2.777;2.843;2.936],2.82475,1.5599508333333327,3.1448663853727146,8,888.75,1,3028,1605290941020,1605290052270,50,100
4,9936,84.02354600143433,[2.703;2.752;2.816;2.909],2.795,1.4616722222222218,3.09648382559775,8,888.75,1,3031,1605290949020,1605290060270,50,100
4,9881,77.67575400161743,[2.688;2.739;2.802;2.889],2.7794999999999996,1.5001027777777773,3.0751054852320676,8,888.75,1,3029,1605290957020,1605290068270,50,100
4,9821,78.37851499938965,[2.667;2.722;2.784;2.878],2.7627499999999996,1.526508333333334,3.050351617440225,8,888.75,1,3031,1605290965020,1605290076270,50,100
4,9743,75.98156399917603,[2.642;2.708;2.754;2.858],2.7405,1.5741727777777776,3.026722925457103,8,888.75,1,3032,1605290973020,1605290084270,50,100
4,9647,80.70240399932861,[2.624;2.68;2.731;2.82],2.71375,1.5706855555555548,3.00196905766526,8,888.75,1,3032,1605290981020,1605290092270,50,100
4,9527,77.79445700073242,[2.588;2.644;2.698;2.789],2.67975,1.5143511111111108,2.958087201125176,8,888.75,1,3032,1605290989020,1605290100270,50,100
4,9458,76.58307899856567,[2.568;2.628;2.685;2.761],2.6605,1.5243194444444446,2.9344585091420536,8,888.75,1,3032,1605290997020,1605290108270,50,100
4,9391,73.42510000228881,[2.546;2.609;2.659;2.752],2.6414999999999997,1.5710872222222223,2.909704641350211,8,888.75,1,3032,1605291005020,1605290116270,50,100
4,9301,88.89958599853516,[2.533;2.585;2.63;2.718],2.6165000000000003,1.6444566666666671,2.888326300984529,8,888.75,1,3032,1605291013020,1605290124270,50,100
4,9209,84.85918199920654,[2.507;2.552;2.607;2.696],2.5905,1.7239069444444455,2.8646976090014067,8,888.75,1,3032,1605291021020,1605290132270,50,100
4,9107,86.27040999984742,[2.472;2.519;2.589;2.667],2.56175,1.5855416666666664,2.820815752461322,8,888.75,1,3029,1605291029020,1605290140270,50,100
4,9053,83.2621130027771,[2.457;2.52;2.559;2.65],2.5465,1.6431888888888888,2.7971870604782,8,888.75,1,3031,1605291037020,1605290148270,50,100
4,8977,87.20059899902344,[2.437;2.487;2.54;2.637],2.5252499999999998,1.6570641666666663,2.7746835443037976,8,888.75,1,3029,1605291045020,1605290156270,50,100
4,8892,86.24503300094605,[2.409;2.456;2.531;2.609],2.50125,1.6704324999999995,2.7521800281293953,8,888.75,1,3032,1605291053020,1605290164270,50,100
4,8797,78.60073600006103,[2.386;2.436;2.506;2.57],2.4745,1.5600527777777777,2.708298171589311,8,888.75,1,3030,1605291061020,1605290172270,50,100
4,8738,84.9906660003662,[2.368;2.421;2.483;2.559],2.45775,1.596297777777778,2.6846694796061885,8,888.75,1,3031,1605291069020,1605290180270,50,100
4,8667,78.88542300033569,[2.345;2.384;2.477;2.546],2.4379999999999997,1.5548963888888885,2.6632911392405063,8,888.75,1,3029,1605291077020,1605290188270,50,100
4,8568,81.9754819984436,[2.321;2.366;2.443;2.51],2.41,1.5949208333333333,2.638537271448664,8,888.75,1,3032,1605291085020,1605290196270,50,100
4,8461,77.5572140007019,[2.276;2.339;2.412;2.492],2.37975,1.5616438888888893,2.5935302390998594,8,888.75,1,3032,1605291093020,1605290204270,50,100
4,8407,90.15679600143433,[2.264;2.326;2.393;2.477],2.3649999999999998,1.5548263888888894,2.571026722925457,8,888.75,1,3032,1605291101020,1605290212270,50,100
4,8329,76.5797209968567,[2.247;2.298;2.375;2.452],2.343,1.509986388888889,2.548523206751055,8,888.75,1,3032,1605291109020,1605290220270,50,100
4,8234,78.36946699905396,[2.212;2.271;2.356;2.426],2.31625,1.5654080555555543,2.5248945147679325,8,888.75,1,3032,1605291117020,1605290228270,50,100
4,8109,73.42847999954223,[2.174;2.244;2.313;2.393],2.2809999999999997,1.4978527777777768,2.479887482419128,8,888.75,1,3032,1605291125020,1605290236270,50,100
4,8049,79.91420000076295,[2.16;2.229;2.295;2.372],2.2640000000000002,1.5462863888888891,2.4562587904360056,8,888.75,1,3032,1605291133020,1605290244270,50,100
4,7959,79.47034799957275,[2.139;2.197;2.275;2.344],2.23875,1.5091708333333322,2.4337552742616033,8,888.75,1,3032,1605291141020,1605290252270,50,100
4,7864,82.26294499969482,[2.107;2.175;2.249;2.317],2.212,1.4781991666666665,2.410126582278481,8,888.75,1,3032,1605291149020,1605290260270,50,100
4,7791,82.22285899734497,[2.086;2.16;2.224;2.295],2.19125,1.4846719444444452,2.3876230661040787,8,888.75,1,3032,1605291157020,1605290268270,50,100
4,7684,77.74841199874878,[2.061;2.127;2.191;2.267],2.1614999999999998,1.5618736111111113,2.342616033755274,8,888.75,1,3032,1605291165020,1605290276270,50,100
4,7634,80.2295710029602,[2.042;2.122;2.176;2.249],2.14725,1.5780722222222225,2.3178621659634318,8,888.75,1,3032,1605291173020,1605290284270,50,100
4,7528,83.40240999984741,[2.013;2.093;2.134;2.23],2.1175,1.639108888888888,2.2964838255977496,8,888.75,1,3029,1605291181020,1605290292270,50,100
4,7442,86.71723099899292,[1.988;2.071;2.115;2.199],2.0932500000000003,1.6014891666666666,2.272855133614627,8,888.75,1,3031,1605291189020,1605290300270,50,100
4,7324,78.80738299942017,[1.954;2.044;2.086;2.156],2.06,1.5763575000000003,2.2267229254571026,8,888.75,1,3032,1605291197020,1605290308270,50,100
4,7266,86.13241500091553,[1.941;2.024;2.07;2.14],2.04375,1.5680666666666672,2.2042194092827003,8,888.75,1,3029,1605291205020,1605290316270,50,100
4,7198,79.4980769996643,[1.923;2.005;2.041;2.13],2.02475,1.5679936111111121,2.180590717299578,8,888.75,1,3028,1605291213020,1605290324270,50,100
4,7117,78.51732099914551,[1.895;1.983;2.022;2.109],2.00225,1.5080980555555565,2.159212376933896,8,888.75,1,3028,1605291221020,1605290332270,50,100
4,7028,89.85208599853516,[1.871;1.956;1.997;2.084],1.9769999999999999,1.5328797222222235,2.1344585091420534,8,888.75,1,3028,1605291229020,1605290340270,50,100
4,6925,82.90356799697877,[1.85;1.931;1.961;2.05],1.948,1.4844505555555563,2.089451476793249,8,888.75,1,3028,1605291237020,1605290348270,50,100
4,6849,83.78532600021363,[1.821;1.916;1.938;2.032],1.92675,1.5870227777777772,2.0646976090014064,8,888.75,1,3028,1605291245020,1605290356270,50,100
